-- PRAGMA Anweisungen

PRAGMA encoding = 'UTF-8';
PRAGMA foreign_keys = 1;
PRAGMA auto_vacuum = 1;
PRAGMA automatic_index = 1;
PRAGMA case_sensitive_like = 0;
PRAGMA defer_foreign_keys = 0;
PRAGMA ignore_check_constraints = 0;
PRAGMA journal_mode= 'WAL';
PRAGMA query_only = 0;
PRAGMA recursive_triggers = 1;
PRAGMA reverse_unordered_selects = 0;
PRAGMA secure_delete = 0;
PRAGMA synchronous = 'NORMAL';




INSERT INTO Nutzer (EMail, Geburtsdatum, Geschlecht, Benutzername, Passwort) VALUES ('ellev100@hhu.de', '07.06.1995', 'weiblich', 'Lisa', 'abc');
INSERT INTO Nutzer (EMail, Geburtsdatum, Geschlecht, Benutzername, Passwort) VALUES ('anker100@hhu.de', '01.01.1995', 'weiblich', 'Anna', 'abc');
INSERT INTO Nutzer (EMail, Geburtsdatum, Geschlecht, Benutzername, Passwort) VALUES ('dagro100@hhu.de', '11.11.1991', 'maennlich', 'Danny', 'abc');
INSERT INTO Nutzer (EMail, Geburtsdatum, Geschlecht, Benutzername, Passwort) VALUES ('david123@gmx.de', '02.04.1990', 'maennlich', 'David', 'abc');
INSERT INTO Nutzer (EMail, Geburtsdatum, Geschlecht, Benutzername, Passwort) VALUES ('sebastian123@gmx.de', '02.04.1990', 'maennlich', 'Sebastian', 'abc');


INSERT INTO Redakteur (Benutzername, Vorname, Nachname, Biographie) VALUES ('Lisa', 'Elisabeth', 'Levin', NULL);
INSERT INTO Redakteur (Benutzername, Vorname, Nachname, Biographie) VALUES ('David', 'David', 'Meier', NULL);
INSERT INTO Redakteur (Benutzername, Vorname, Nachname, Biographie) VALUES ('Sebastian', 'Sebastian', 'Weigert', NULL);


INSERT INTO Chefredakteur (Benutzername, Telefonnummer) VALUES ('Lisa', '''+49 01766160452''');
INSERT INTO Chefredakteur (Benutzername, Telefonnummer) VALUES ('David', '''017249582834''');


INSERT INTO Blogeintrag (ID, Titel, Text, Erstellungsdatum, Aenderungsdatum, Redakteur) VALUES (1, 'Videoblog1', 'abc', '11.11.2017', '11.11.2017', 'Lisa');
INSERT INTO Blogeintrag (ID, Titel, Text, Erstellungsdatum, Aenderungsdatum, Redakteur) VALUES (2, 'Videoblog2', 'abc', '11.11.2017', '11.10.2017', 'Lisa');
INSERT INTO Blogeintrag (ID, Titel, Text, Erstellungsdatum, Aenderungsdatum, Redakteur) VALUES (3, 'Album1', 'abc', '10.11.2017', '11.11.2017', 'Lisa');
INSERT INTO Blogeintrag (ID, Titel, Text, Erstellungsdatum, Aenderungsdatum, Redakteur) VALUES (4, 'Album2', 'abc', '01.11.2017', '11.11.2017', 'Lisa');
INSERT INTO Blogeintrag (ID, Titel, Text, Erstellungsdatum, Aenderungsdatum, Redakteur) VALUES (5, 'RezensionV1', 'abc', '11.01.2017', '11.11.2017', 'David');
INSERT INTO Blogeintrag (ID, Titel, Text, Erstellungsdatum, Aenderungsdatum, Redakteur) VALUES (6, 'RezensionV2', 'abc', '18.09.2017', '11.11.2017', 'David');
INSERT INTO Blogeintrag (ID, Titel, Text, Erstellungsdatum, Aenderungsdatum, Redakteur) VALUES (7, 'RezensionA1', 'abc', '11.11.2016', '11.11.2017', 'David');
INSERT INTO Blogeintrag (ID, Titel, Text, Erstellungsdatum, Aenderungsdatum, Redakteur) VALUES (8, 'RezensionA2', 'abc', '11.10.2017', '11.11.2017', 'David');
INSERT INTO Blogeintrag (ID, Titel, Text, Erstellungsdatum, Aenderungsdatum, Redakteur) VALUES (9, 'Album3', 'abc', '11.03.2017', '11.11.2017', 'Lisa');
INSERT INTO Blogeintrag (ID, Titel, Text, Erstellungsdatum, Aenderungsdatum, Redakteur) VALUES (10, 'Videoblog3', 'abc', '05.11.2017', '11.11.2017', 'David');
INSERT INTO Blogeintrag (ID, Titel, Text, Erstellungsdatum, Aenderungsdatum, Redakteur) VALUES (11, 'Album1', 'abc', '11.03.2017', '11.11.2017', 'Sebastian');
INSERT INTO Blogeintrag (ID, Titel, Text, Erstellungsdatum, Aenderungsdatum, Redakteur) VALUES (12, 'Album1', 'abc', '05.11.2017', '11.11.2017', 'David');
INSERT INTO Blogeintrag (ID, Titel, Text, Erstellungsdatum, Aenderungsdatum, Redakteur) VALUES (13, 'Videoblog1', 'abc', '11.11.2017', '11.11.2017', 'David');
INSERT INTO Blogeintrag (ID, Titel, Text, Erstellungsdatum, Aenderungsdatum, Redakteur) VALUES (14, 'Videoblog2', 'abc', '11.11.2017', '11.10.2017', 'David');
INSERT INTO Blogeintrag (ID, Titel, Text, Erstellungsdatum, Aenderungsdatum, Redakteur) VALUES (15, 'Videoblog1', 'abc', '11.11.2017', '11.11.2017', 'Sebastian');
INSERT INTO Blogeintrag (ID, Titel, Text, Erstellungsdatum, Aenderungsdatum, Redakteur) VALUES (16, 'Videoblog2', 'abc', '11.11.2017', '11.10.2017', 'Sebastian');

INSERT INTO Produktrezension (ID, Produktbezeichnung, Fazit) VALUES (5, 'V1', 'abc');
INSERT INTO Produktrezension (ID, Produktbezeichnung, Fazit) VALUES (6, 'V2', 'abc');
INSERT INTO Produktrezension (ID, Produktbezeichnung, Fazit) VALUES (7, 'A1', 'abc');
INSERT INTO Produktrezension (ID, Produktbezeichnung, Fazit) VALUES (8, 'A2', 'abc');


INSERT INTO Videoblog (ID, Spiellaenge, Link720p, Link1080p) VALUES (1, '05:00', 'link1', NULL);
INSERT INTO Videoblog (ID, Spiellaenge, Link720p, Link1080p) VALUES (2, '01:30', 'link2', 'link3');
INSERT INTO Videoblog (ID, Spiellaenge, Link720p, Link1080p) VALUES (10, '06:00', 'link4', 'link5');
INSERT INTO Videoblog (ID, Spiellaenge, Link720p, Link1080p) VALUES (13, '01:30', 'link5', 'link3');
INSERT INTO Videoblog (ID, Spiellaenge, Link720p, Link1080p) VALUES (14, '06:00', 'link6', 'link5');
INSERT INTO Videoblog (ID, Spiellaenge, Link720p, Link1080p) VALUES (15, '02:30', 'link7', NULL);
INSERT INTO Videoblog (ID, Spiellaenge, Link720p, Link1080p) VALUES (16, '05:00', 'link8', 'link5');


INSERT INTO Album (ID, Sichtbarkeit) VALUES (3, 'oeffentlich');
INSERT INTO Album (ID, Sichtbarkeit) VALUES (4, 'privat');
INSERT INTO Album (ID, Sichtbarkeit) VALUES (9, 'oeffentlich');
INSERT INTO Album (ID, Sichtbarkeit) VALUES (11, 'oeffentlich');
INSERT INTO Album (ID, Sichtbarkeit) VALUES (12, 'privat');


INSERT INTO Bild (ID, Bezeichnung, Aufnahmeort, Bild, Album) VALUES (2, 'abc', 'Koln', X'89504E470D0A1A0A0000000D494844520000004000000029080600000085922F4C00001FA04944415478DA4D7A77779B797A1D3F80B333122B40F4DE081060014012AC606F6027C1DE49B1F7DEC55E445214D5254AA2341AF5329AD1544DD9598F376BCF7A73924D593BEBE49C38C7DE241FE1E6BED03AF11FCF79495028BFFB3CCF2D2F14F4EFFED3FFC07FFE877FC6573F7C87777FF577F8FDDFFD01BFFEDD1FF0C77FFC13FEE79FFE09FFF47FFE177EF7FBDFA1B6BE05FEBA2E5E7B51D7D8832B377A313C5C0D7F7529FA074B70E3A405BBDB4D18E8AE45DF40018A7C1EF80AD3B0BD9C8F8E9E3C4CCE16A1AA2A0531B1463813CC884F8C82D561404D8D1F36BB9EA585D6A0842BD9029D5109A9440A8D5685A68E78AC6DE5E2E927B5B87AB30C9F7DDD8E38673CCC9618D8A213E04EF0223D2305DB7B3E3C79D68B2F7E7A8B37BFF9DF78F0FA3BB4770E21DA9680B2F21A74F78CA3AB6B081DDD13B8FAE07B9CBEFD23EEBCFC19410F3E7E8A474F9FE3F6DDBBB87BFF212E5EBE82EBB74FF1F5773FE01FFFF4CF04E14F78F7CB77F095F8514300EA1A7A514F001A1A9BD1D15981B995396C1E9FE2F2AD6BB878F3239CDF98417B871F5E6F0232533230D19983F9151F7A47D3515F978158BB29706093550B83450387D380189711A62835A4D24868F472486512FE2C81D1A4C5F4621A16D6B27078D987DDA352ACEF56F3D0F1E8E8CA43574F350A0AF3D1D35F8ACB37CA71F741331EBC38C0CB6FDFE0E0FA111F9F8437B304F90595E8E91DC4D1E5DB38387E80E3D36F71FAD9DF637CFE08416FDFBEC0E79FBFC29B37CFF0F0E3132CAFCC13AD5E34B776E1DAEDBBF8C37FFBEF78F8E4116AFCF5686A6A414B4B2BAB054DAD3D282BABC2ECF216EEBDFE3DDE7CFB5BDC79F63D8EAEEEA3BEA11E49891EE4A4676163A9002D9DC928A970C39BE540BCDBC2CEE9A154C9D971158C511AC47122A26235888AD10600080F1705FE6E75E85154118BD6B602D4B5E4C0DF988DE5F52236C987C72F9AB07FA9121F3D6EC48B4F1B70E5562956D6AB79E86A0C8FD4B0DB7E1C1CB6A2BCCC0F9FAF12B5FE5AEC1F5EC1959B4FB070FE12F68E1E6170641941DFBE7B89775F3FC7D75F3EC5D327B770EDDA0EAEDDD8C5DEFE2AA667C771787C05AB6B6B18191EC6F0D0009696E631303088CAEA46E4E516A3B6B69EBFF707AAAFAF075D9D1DC8CD2980373D037939E99C9434E416B99099E9429CCB026B8C0E66B31A5AB51C6A0D41E0B8DBE2F4B038B430DA34B0C5EBA150C920934BA1D2CAE170199092E140769E13153589A8A84D4467AF17FDA3A90436833FE76164BC158383CD585BEDE367E8C2C25C2F0138879E9E1E7477F7A089D3DAD6DA84D9D905023485F1A935CC2DEE6176711741FFE13FFE2DFEFDEFDFD7B7BFFC1A4F5E3DC483C7B770FDE62ECE9F1FC79D3B17F1E99B8FF1F6B34778F3C97D5CBDB28DA6DA5AF872F25194958B426F362B8B9589FC8C0CE4A6A4222B3119895607723C7624DBCCC8CF8D415ABA0D310E1D2CD16A182D6AE8B8EF06AD020A250FAA114A06431427C2AA8652FD1E00294BCD7F63D66B90916E45666E34E2E34D9C2E33F7DE0E4F62348A4A72716EB013EDBD75985E98C3D2EA3A563737B1787E070B2B5B985D58C5C8E8045A9A9BB0BBBB8793079FE0DAC90BDC3A7D83EB779E2368677B037BBB5B5C815778FC4CE0807D5CBB7911771EDCC2EEFE125EBCFA085F7DF3097EFCF16BFCFA373FE0C9935374B7B621352A0E89263B5C7A2B5C3A0B9C5A129BC684589511B15A2372B26251E275C26771A0D8EDE02E3AE04E34C1C10E1BCC2A184C4AD8A37450F3B04AB53430FA068B920069A0E3A1C3C3C311494E50F0EF026066AB0A364E89C3A983DDA647065F3FCD1B83D2DA4CAE4639BA075A31323581958D03AC6F1F61FBC2755E2F9193F6B1B8BC869999491C5D3C243087D8D8BB89ABB75F6162F90441F73E7A85DBA7AFF0DD8F7F896F7E7887FEA11E9C9CDEC6F5932BDCE70B5C877DDCBF77190F1F5CC5BB779FE2F59BE7589C9C81DF95818A580F4AED0928B5B9E1B33A514C500ACD312830DB511417830A473CFC316EF80B329093EF440AA7203EC9087B9C367098B464270C4615343A39543CA83009261ED4182143686838C2C2C310210A0FA843949D84E9D2C3996C82C71B85D4CC686464DB51589E89B6EE5692F11A8E6F3EC0E2C675CCAF5DC2DAEE15CCAE5EC5E6EE21D6367731353589C3833D4EC501EB226EDEFB149BD77F44D037EFDEB1C3EFF09B9FFF066FBFF98A08CD92543EC18D7BD73905B78928F77FF60A46E7AEE2D5A75FE0934F5F616D6A1EAD893968F116A2A5B60E6D5C89365E5B796DA9A9416B6925CA2CF1684CC946777D032AABB2505A998ADC6C2712D24C812EC725718C3363618F36C06AD590F424D0EA1470B80D8875DA101C1C4A10422116459037D87997092E8F1549A9EC7C961B9E142B3292ED68EFEAE14E2F60726695007C848B0F7FC6F6AD1F70E3E9AFB077EF6FB07F7C1BF38B1B24EE762C2DCE61EBC20D4EC55512FC4BECDD7C87A0672F5EE2E9F397F8D5AF7FC2B34F5EC15F5B8DE704E0F2AD4B78F8FC11A7E032EE7DFC06F71F7F86EFE8155EBC7E8EB5D159B42664A3ABB80AFD931BB870FB4B8CCD2D617C6E11BD1CC5D18E4E545A5DA873A7A121330F6D2D5524C90614E4BBD8B104D8297D2E8F0D652599703A288B5C093DA740491ED09A14D0186508E1E1237878992C123ABD1271F40DF1895624673851509485E438FE9C6883BFC18FA9F965EC5EBC8EC32BF77078F20576AE7F861B0FBFC0EEF52F7070E50ECEAFEFA3ADBD1B5393239C864B58DDBA86E3EB4FB075E35708BA7BFF111E3E7E8ACFBFFE02771F9E52C39BF0F8D50B3EF10201788CE5CD038C2DDDC6E8E209BEF9F61D3DC3232CF58CA2D5958573E575985A58C3DD279FE3A3676F70F3C14B1A921D6A7F2F2AA35CA8B1BA51C3F5F070D4BD996E14A6BB905DE4402E15219A8628D9E344621C7943A1819E64A85446C24A9F20928A101E111ED87F894C0C1DF9C299148DF4AC24E4FBB2915F948924930529361B720BBC683FD78ED5ED0B04E126F6EEFE84A5CBFF16974FBFC1CAD5BFC6D6A587D8B97085E7EAC5D0501F565677B916B728A11FB171BF44D0975F7E89771CFD579F3CE7B81C6066711AB7EFDFC5F6FE064E1FDDC7E6DE25AC6C9F607EE3043FFCF82DEE13A489864E3439BDE8AE6AC4DCDE235C7AFE473C79FB97387CF25FB078FC25C63BFE0C00AB3ACA8D4A7F3A6AAAB3519A918CFC1207CA4B33919CEE407A8A1BA926335C520DCCDC738D4E0669640442C342DF4F003940268F84C9A2426C8205AE14AE41B29986AC12292AF2409495EEB212A313B39CD4BB24BDCB387EF813364EFE96007C85ED3BBFC3D6F153EC1FDD426FDF08BA3ADAB1B8B81638FCD2EA31B62E3E42D0E79F3DC3DBB7CFF1FC05F7E7D236762FAC626777154BE767682EAEE1DAADDB38B9F731EE9C3EC2A79FBDC4AD3B37D05D588DFAD87474D63462F5EAA7B8FAE61FF0FC8B9F70FCF2BF62FFC1771869EE42A5C5057F9413B5D18934325538D7D980EABC5CAE980F6D75A528F4A5A3A5AE0A392A0B12553A18E5DC7FB3196A4E8228220C2121C18894880224191723ECBF1DE9D99C1E926959653E52AD56A428A2505AE44373472386268630B7B4C38E736A0F3889971E60799F84BD7903CBAB7BB4E7A3B4ED35585C58C1D1B5C718193B4F89A40FF8F6BBAFF003ADEE675FBDE5AEDFC79D8FEEE2C69D6B98991DC0F1F10E1E3FBA83E74F4F59F7F0D1E9555CBE7A8486943C029086CEFA56BEE1296E3F7D47B7F814B71F3EC6F1B52D9CABA84385391ED51627AAA90E95B1492873B8511AED42B12516C571F128CA8B471E15234BC9C34974D09E95C2497F2F8CB4422E098020A602A8554AA49A1D6868A6FB6C6B41735B2BAB0319463B52E416F8328B30BFB48103DADCB189A5C0BE9F5F3F645DA43364AD1DD0D0AD31AF8C6368709066690D17AF7E8CA9D91D4EC629829E3E3AE1214F681256B0BABEC01DDEC0EEC1365F600E1F3FFD980AF139BE27403FFEEA3BFCF2C777B871FB06AAE3D2501B4327C61568A412F4D4B76171651D8D393EF85373D04E722C37C5A3CA1C873A47121A52B3D1945588FA8C7CF88C31A8CFCE4779522AAAF96F731426C48BD4509D210051F170F2B059D9E9D06B140120E47219DCBA28785DE9A8AB6945437D27F25372E135C5215966468EDBCBCFBACBAC7007730BDB38BA72CABACF7A404F731F8797EED1CF5CA7199AC6C4F83876B6B6B8DE27548D1DEC1DDC43D0CFBFFD6BFCFCDBDFE0FEA35376EF0007475B58DF98C7C4D420FDC0099E51095EBF7E86EFBEFF0ABFFCD5B7D8DDDB853F36157E4732EA7D35F0DB3D58982470FB47E86460AAB027A12DAF0CA5C65854190900BD429D270B8D9985A8CDC80D0050975580D2380FAA28933972139C11020012C49B63E1F57869B36BA127F32B155288C51170A8F5C8CB2844D7C0383A7A075092578E6CA63C01802C366361994D3BBC417B4B002E9F32F0DCC3858B27B870F8BEF6F66F60746C16E3E313D82749AFAC1F637A8EDE60661B4117B697C901AF89D62166E769168E2FF0C9DB1CAB31DCBC7D0D2F5E3EA51B7C8AE704E293372FB0C15CE077A4A08607AF63A76B6C49589C59A6BE1EA139DB87CAB814346716A3D410834A82501B978CBA242F27A00875DEF713504730CA9C29A8E2046411807801800F25883351E3DDA9A86F6A85914149C9EECB980AE5ACF444A6C9A636F48DCCA3C85B8CDC9864A4484DC8E2E798A7DD155CDF3C3960987FEFE99B402F93E0E4F479749F1B43FFC034FAFB8515182100DB9C56E680850B7CCE5504BDA6BFFFEAEBB738B8B48FEADA728ECE21F7661E8BABF3E481115CDA9CC1B5DD059CDEBD8E478F1FE0FCFC026AA2D9BDE824D41655A18C2CDFC83DECAC69828F63599DC000949A8B12BD031504A1824EB1CE5F8D86F272F8D2331989C90F49E9282BF5A1BAD8876CB9310080F2C348C4181C8851D120B99C54053A44A50212097D0093612A81CDE43A157212D228AF851C7D8FC4840CF2CCC4E43CD7E080C4BD175083B9C5451ABA4DAC9C3F8F253AC4B58D6DCCCDAD311CF5636F671373F31B7CFC22E5F00682BEFF8112C811DFDCDDC0D4DC3873F515BEC024E3E23EB6B796F0FAE2021EEDCDE3B3978FF0314972767814D5EC7A2591AF6F68C2D8F43A56B66E62707401D5A585686F6986DF9D019FCE8E721EA89C00F84A8B084019BCEE2414FBC80599B9F4062E5432CB67C9040054010062F99C244F1A3C49897090F9B54A3922C5624822C5484D4B8333D68E547A87C25C2F8A3D3904C088249595EB3A1F607A81F02EDF7840866FC0E4640BD637E779ADC77936F3FCDA3EBABBFAB0BEBAC25CB08C8DED6B94C2233AC1470FF09CEE6E7A6E12FDC37D64C60B64C8517A82431C5E58C7C7CC0427D78EF09616F8E4CE2D4C12C52A6B0273400A3A7BBAB1757880876F7EC09DA79F6199D2B9B83445D64F46B1361A6504A02C2681682F11B86154E6E632AA528E3273E80E6B71AEB91E19042036FC3D000EAD1D7985C5E8EA1B65DA4B8345AF854C22656A5433D35721AF200FB5757E26BB7A94798BE08934C02D3160787492EFB143123FC4E5EB1F71BCE7C9FC13D8D83960B7A7B1BDBD4672BFCC88DC8F4EAAC8CCF402F60EEFF0CC3B820F788993BB340A831D985960E70F773131338A9D830B5819EDC4C1E2101646BBF1FAE5131C5D3AC030F7B082635FC12EB7B437A2B3B39C088F63FF90BCB1D046D42750C6112DD2D850AAE71470D7AFDC7E82B9D131E4242723DB134B0EC8631234203329095E9901710100C4B0ABAD747A653C6801DCEE5818354AC8655298755A9414F8505BE165DEC8E63517E5B9654824004EB11EE7CEF5D3EF6FB2AB9770F1F82E27A2072DAD8598A1456E6B2FC3EC4C1789F01A576018CD0D0DCC048BD8BB7807C3632B0812CCCDB59B57D1D8E6C72CC3C2E6EE26462787C9942B686FAE404D791E8AA9CD8F9FD05292407A2B6AA9F14E5425E7C05F5F86F24A3791EF26DA1338D75FCAF1EB46310F5EC4C394720A2ADDE978F9E3DF63767C16E96E2732E9E7FD04C06CD2130C0F32A5FF1F8068BA3B77523254D47E93411B00405001BD4A85F2C25234F8B351E58B45659917D545D548E0E1DDACFABA46CCCED1C0ED5FA5EDBD4AC66FE5B8A75016671982D231D05F89C3A31B0460044D0D346F2BCB0C44C7181C5E40D0ECE230A5A50935CD25E81B3D47A969464B573D06C6CF71C72B505A9CCFFC5F8B97AF5FD047AFA025870C4F79AB211995109CBA860402700E0B4B2D28AB70D17252A779F802A505259C8272570A5D5A1B5A2B8A90EA8A2798D101006C517AE4A478E02500F102001F88615598E1244F98CC5486182BC94F01835E411590A298D2575EED4791AF0815C2FB96D72341A40B54755925777D915E7F863CB08FCEEE66343638C86553A8A98AE5BA65E3D2F14D74B4F7A1BAB21AEBE797B952B5817B9B4159C56ED85D0644B3623D66A4E4B8919C1D8782D20C8EF61C3DC1027676CE636D7D1123B49B1509A9F091DDFD39A5B4B5A5E8E92FA3A1A062CC75A2C69F4BB919443E3B59A88C828F40F85332C9C6C398E8E94293BF0AEB2BFD682C2C43EFB9360C76B523E3CF0028084014D72127AF08E9243C87D5CCCE2B60362AA09446C2975D8622A6C09A8636D4D4D6A0A1A639707837AB34BF18A34CA8BE62E17EE01C3FD3283A3A5BE90C67D0DECE69E86EC702435B536307B232B2313B398E12025056D68820B3CD0CB94AC692436B5642675106AE9618035298BBBD7929E819EC427661060A4A040F1E8D22B27525B5BEA5A9037DBD4318E81BC4000DCA40EF205A698F73D8C942CAA08F4014B0B2E9F7B3F85826CB4BDD4FE341D3E47C7D1E3E3D5207174BFE810846B106E5157E74B6B7C01963869531D9A4176E89A9E8FEF2D0D4D283CEAE41F24E3FD7A01EAE082DDCAC123ACB9191691ECA8F3EEAFFF9B53DF2D1266B83ABB14ED65FC5343D81300102007B5BEBA8F5B7203FBF0A41C20D4889E0BD2345902A693A84FB737A3EA68884582A864A4747A6E5285A74B00B32A4B5204F6B83871E3E93239EC52E67A9A390A5E155C32B475F303782C32BE6E18B79F82256010F9F2F37234FF81B993F9B87CF24837B257A728012B25F4440431E3087CAE0213FE81434410C431296421C097B981231119A4039E81B1C9C1A177F16402848CDC4D8D84C6002040374E1E046C0FEEEEC5DC3D6EE556CED5CC6C6E6455AE17926502F36B9CAAD2D9DC8CB2D47904A27874C2581940756328E2A349190A92311260A83481201A55E0295411A981083C984380B2720D18B02AA40A5279BA686C414B866A192559194099F330D7539256829A94133E5ABA9B892635F81868272D4E797A18E56B936B70435748E5559C5284CC98126528B2882E4A274A6473BE18832B1F36AE83434440A2110C52393EA92C994E965A5336BA419E81CF53154974C4A633B27A00AFE9A16BABF112AC3087A7BC7D02354CF18D76018ADCDDDC848A32DAFF5232FBB1019E9390892C8223901918109104B45EF0FAD932094694CA997426392412C1323244CB84929435252068AF32BE0CBAF6455A084551AA87256197D7A294A78B862BAC38A926A24C57B101F9B08575C025CC2353621504E963B2E11C50C50E90919D073AD621D89C8603E282FA2DB4BB6910364500B1349152824E7042AB79449B21C457CFFE2822A14339A17F0FD3B3BBBC9F663548456D4D509DF07D4A2913B5F51514FE26314AFACA302B40648B0B7BB032B4B34444C89413A8B22D0618D510AB5418270765E988688C88800180230A1E1E1381B1C8AB03011A2245AB8A446B8E9C3DD746209ACC47F29EA7202F7D92DE6BA88D5042B15E11F8422E42FCE22E2DF0443F4AF2A5C78EC2FCE20CE1E0F834C0BF12F187D232261162B90623121DAAA865A21E40051400A63A294704894B087FEB9B812D1A142A9E034D8D1D1D145C2EB434D35158D0429545B5B1FAB9FA0B40740686A6C4777671796E6688E363669DC2E2028AFB0F0FDA1553CB4383C7068E16E6C7048080F1DC26B18CE9C0D0954582879222C126A998AA58486A565E9152AA4C6DA9016170DB7DA0097488338C1DE9EE144FD22148A5031263AE829F292919614C7F13620C6A8A3F48542CA927D18015598187A9902517C3C86E36FE5D566D2C24E202222C211C5558D36B0C8173AA5943E410E4948388CC152C4937B7ACEF5D10C6DD13A4BA09049A0D5A8D1DDD1893E06A3C28252242538299573181E1AC179FA9D9DCD4DAADC018242C24278F008763934B0F721C2ED28D6876782F1E18767F1C10767FEFC7330424322200D25002AA637852270B342259743AF5672E45D74760EB8358640B8890B10960A963005EC4A3D9EDD5CC6DC5023C7B21A854599282D4CE78797C01C22839D56D76937228ED2979C9A8882422F1C3623EC1623649C40E13B022DA7C1AA9723D64EF3934A8062D490332E0BCF8F2177B434B7518AD7B94A267A0713A3B41253CCFFC2633E7291DBEDA61A2C607464024BF3B3D8DE648659E504043A2E0A6787CFE2CC9933EC7A700000A1FBC2C13FF850783C98C56908E6A4840BE86AA056B2FB6A15742CA7DD4C9D4E446E9A132E951E3164E81882102BD204AE6E7D142EAE8F619086ABA7A713A5A505A82CCA878DE044739463555A3813B94E2E07F28B49A2A559703B2DB0DB0CD012E48808F2924C04AD4EF892440E9B534FEF62415C7C3CA222A80E94D4D6D6765AE065C4C57902DF2DEA747ACC4C4E06A6A2B36B080D75F5989E9AC5D8E81426C646B1B2304700F610648B8909DC800C0E0D09807036F87D05070BBF0B009C0954185F5416413510C9F9E23A465515438A26C0D679A9F1E8686012A411F2E8D8B97075A06244DA402599EC38BDC490549183EAEACAC0B7BE35F414760225485A3A0FEA88E7F3E2B91A0951B0D8F8FC28358CBAF7F704241271E0CB149D81A4A813B3A4D0929CAD8257E0FA0940D6D10ECFCDAF638046A8BB6714838343989F99A21DDE24410E22D66AE40A4CD3304D636A825E6189097175972A409B191CC28E9F15C6FCCCFB3AF3FE2A8CFF59EE7E08774DA3A55909935293151C3303CB483B6B4322FD7D694E32FADA2BD05D970B5F461E122951D630E183A9023BEB34D8D8AD1858B8FBFEBA2AC4396DF4F43E76FFFD045843E588A2D911BE2FD09A1570BA48B4B12442AE8000809444688C12BE339052B1C20325D7885991309183A24215282DA90C7C01323AB98CF1A925126237E6A627C9F4AB18A0450EA58A8D0C8F04FC8200C0322760758D0008B7A083853BB07C13198950F8F9830F3E087C3525A1ECA9D51A64E5E4328F6740164C8F109800237404C46C3420C91D0F7F492646BA6BD0D3988701C6655F4E216C82AE0B87E32408F7F95C09713C187D79670BDC894EF84B4B0910FF4E102C04C04AA9B3C7EBA0A7134DF0F075E30CB018354C837C4F193F8B4490E1304E2215441442A34683A491C1A450539974C8F2E67102D608C00AC62697E07625E25C5707A6A6973132BE18F80F173DBD3D181A9EE41A083C3083B535C661855286B42C17727C9EC07F5A9009B7A5C562224609149199F54644DBEDB0D9EC907002E412EE3D8946AF37C06A8922BB2630A965040018682E407C743474321A181ECACC09B08AF4487526339676F0CD873035358DC1A161B4D435040010BA672191459154639947E43461821933EAA92EE41703BD88421911B84D2E8A0CA54A8521524E322627085F9FEBE54A8453659212D2E0F7B7A2AD639020CCC393964EC21B62C767D1DA368092B23AAE420FF9A7862EB01DC303BD98999E47504A9A9BF97804CD8CB6F20809915643A132233C8CD940AD87C51CCD9D64F76868CA693EFC8DE7904357E7A1A372797219616D04864C4E3086DA8AA125B36BCE9228838543D99118978368DADF68B5851545C6B7228656DAC1ABD0F97F01C0AED7C016237C354E95A10F89892629525A0D5A194494C1082A8148CCCE731AC49161900B52C8F7B469CD509F8D84C7958AFEC1490C8DCE6388D13B3535154303FD98989865E7C7D14D47585054023595A4BAAA96B9A50F43FD23082AC8CFC6FEDE79B4D5D750E2C450AA8C04C01200C2A0B340AF35C24810F2D36877ABEA909291083BC947A5A666DB639012EDA6EEAAE9DB55241A1BF55C1D004073560A3D41308428600AFD5715265C95F4FC0C3904C014228731448A28B30656AB9E0A43D98C56320E1B91E48C66132203B7C54422AE28773F822008932026312A28BF164EA38E5EC06E88A6C961EA9B1EC0F404D7B02087E1A78D8168052304A5ADA38F11B89CDCA52361D66364B01FE79757103436D283A3832DF8CB4A11191CC171D34321D7411C2E85542C8794CC1FFE611843903130115AEABC8E3F2BE464693DBD3BFF8D3A5C01310F14F221CDD419E60A1E4CC6832AE803542202C294A7A133D4F2FABEB4FFEFAAE1DFB5914AA4A5BB5158588C949434A64039129D262A01DF47461E223F4849D661F42CA1E4800811CD13C9D193EC85C7930135A755C3866954063642C27FAF87524942D51819BB7B70AEB3138D0D8D484FA7F2C466212FD38DA9C122CC8E300C5DB9B487E3A31DEA783694E1249CD0083A2CA6B0601122697C22799547B04B6A2301A1C18949417A6A16E21C6E48233530C9F51071ECCFD2CD859C6188629A0B270011044544998BA4CC45F279629170D5F0395AFE5D4A5325465888049122861DFA8AAC2C0F43CC10AD6C1D62B90A05F956720C8D16475DCD4C20E614848585919C8349D4670300F819696BAA1B02AFAF50705D19D404D50A0F177385C95772BEAE37132B8B0B3441F39C882E4EB405464E8B91442EA78204AD2C5012E62790EA72412F51309531118AD87DFAF248BE9088A088F9BB5CCA3791510AA55A1E420D895805093FBC7088708EB0285C8E90B3044F2C7C683D346A536085CC469222DFD44C2F20948565A031D2717785898A898DA6E1614CCE71A3AB6B8069AE813940898C4C13F9872B2484311A3511CD50241D6B70F019127430B9428E7A869DFAC62E444545B36C9C4843C0BFBC0740CC2648C85D2E7AFF1912DE1C9A1B5BA8068AC00427DB6239C52A4EC0E11E0E77D63133368881AE16B4D656A0A2281B5E8F0B2E07098BF6D41E6526FBB3B3F403A16799133EA049629DFD05DDA110763EA44F500ABE2096F2938494E434783332794D4776563EAA2A6A505D518D1A26317F550D0FE9E7EF95282F294119C7DEEB49405ABC1DAE78A6456722F30079474707C88E8B797029EDB088F9442C260FC8A401499370D413135219B8BC542812B5D91C70A8C1829FA18F09A38C8732C7C829E52D0D7518EC1FA45D6EA173D5D055D26BE8ADF4186AFC5F7DAAF386A869FD080000000049454E44AE426082', 4);
INSERT INTO Bild (ID, Bezeichnung, Aufnahmeort, Bild, Album) VALUES (3, 'abc', 'Dusseldorf', X'89504E470D0A1A0A0000000D49484452000000400000002D08060000001E036D5A000022884944415478DA6D7A077794E7B9AD7EC14962534C0701EABDF75E476D469A266946332AA3DE7BEF65D47BEF5D80E860C04E70C1D8606C8301D7D8694E72526E7C4F726CC73665DFFD7D4AEE5D67ADCBF2BBBE99D1B467BFFBD9CFDEEFD844A757411A158098707FC4C78640AF8F4756961A1BABA771F6F4057CF7CDB778F6F4299E3F7B8AA73FFE804F3FFC15AE5FBA85470F1EE2E6ABB7F0D927BFC52B376EE1EBBF7C8DEDD50B009EE3C9931F51955F8954791634F278A46834A8AD6D46416E3126E7573139B38899852D0CF6AF22B7301783A36398985BC4F8F22AC657D630BEBA82F6E109E80C3948D06B10228BC5FAD94B7CED0AA616D630CD35BFB48EF6EE7EB4B677A040A5404A6828E2BCBC10E4E80869B802A565EDB87DE7213EFAF8D7F8F893DF88D7C78FBFC4870F7F89C71FFD4A5C8F78DF24C7900E8D321A719220281302919A2A4555451E26A7E658DC2778FAE4C9FF0500CF9EE193C71F6165791DA737AE606DE93436D6CFE0EE9D07F8D31FFF8CE1EED19DE73D7F8E575EBE01596814B42A152AABAA91CFE2D7CE9CC5CCF20626E697D1C6E7961755A1776810138B8B985DDAC0CCFA16A6D737D03B390E49AC1481A111A868E826002A8C4C2F60667103B3CB5B9859DAC43237688660D63634A1222D0DE91209128242A19426A2B7771A6FB3F8472C522CFC5FC53E7CF4C5FF588FB94C92126450CAF945352A54949520C7908AACCC0C188D5DF8FBD77FC7377FFF8600FCB8531877F7398B7B4E20AE5FBF8853DBDBF8ED6F7F8BAFFFF6BFC5C72F9EBD803FFCEE8FF8FEBB1F30D03981E8C0081496E4A17764147D23C3B8FAF3DB5858DB427BD710CACA4B31383642405631BFB689F975AED52DCCAD9E82823BEAE0E685F4FC5A2C6E5E454A4E258C03539863F173CB9B5864F1ABEBDBD8D83A87FAA636349497218B20D5D576E0F2D5D7B8CB5FB0E05FE1E1BF76FCC1879F8BD79DF539EF7F46003EC7232E136DAA0619443022C80B319200A81322208B0B444E96166DED9DD8DC38835F924202FD0500FEFDEF2959F1D7BFFE2FD2FDC90E30CF9EE39DD7EFE1ECC6599C59BE028D4A097944348A0BCAB97B73E81F1EC75B771FA1A76794ED508B89D9292CB0E82516B2B8C6B5718E0070571737D169EC832EBD00524D0A2616B6B9EB17D1DA3582859533DCF93358DF3C8F357ECEE6E98BE8EE1D424B730BF2954ADCBDF718EFB3B8FB5C42D1FF5E1FDCFF74E7B1879F1100162F5C85E7DDFF1826DD9DA3A86FAC874CE6CF16F0477E5E0A0C6C0395321C294931C8CFC9C3F0C838DFE42376C033FC7FFF71F7EFDC7A48B04EA3ACA002699A54E4E61860D0A7A3BCBC1CADC66E4CCE2E607C7219590603661796B1CCD6596521CBEB17B0B07406B5752DECEB535C5B989A5986B177124515ADD838F30AEA5A8751DD3E884532607DF31CD6B9F31B5BE7B14500C6276651DFD08C125D0A35EB22DEFDE063DCBBFF8958F4BFD77BEF7F8CF7F9F8FD079FE2C1834FF0E61BEF607474121A8D1626E1C12148884F803496229210824C7EF192925C68B471C82FC84651790EFB7500EB1BDBF8C31FFE2652FD7F160FFCFE377FC63285E9ABDFFD27F46A2DD275C9D0EAB4DCE93AAE168484456165ED1C0C1919989A5AE2EE093B7801AB6B1708C616E213E4F0F2096181DB58583CCDB5C5022FA19C946E2610A333A750DB3546F15C11777E7DEBAC08C0E6D60E136A6A9B50C7F635D636E0DDF73E220842D1FF2EFC1371DD79F7014E11B8D2D23248A224080D0B470885D3444ACA671B2AA14BC980243A90E2E383B8B8482813E5686BEE436BCB2032B2F2B1B4B68E6FBEF9660700E1BFE73BB47FFAE42966A69671F3E77770E5C275C8A2A2D052DF8AFCEC42F8787A9259F1F0F4F425B30A313BB38AD3A7AFE0F4996BBCBE8C99D955848684202242C19DBF4A902F63590061E114CE9EBB8646165DDF3D8EC5F52BA8E91C46CFD034D6D8266BDC8C7516BFBE79166B645273731BFBBF16B972396EBDFD3EEEBEF7585CF708C63B773FC41C45579F9ACEA24311141C84E0C0000405FA8BCB242A3C0E86AC549414D622282084E8442329290D92B818844B62D0DCD88F6B2FBF8D4F3FFD0D5B800573FDF8E419BEFFE109FEF9DD13FCFE777F42735D1F7EE0FDD76FBE83DCEC324C8CCC6162741D3DFCD2CECE8EFCC070B1B073E76FE0FCF95771F6ECABD8DEBECE4237A15224636AEE1C5EBEF13EB64E5DC322777F71F114CE6C5FC6E0C42AAA3B0771FAFC4D94D477A3BE6308CB9C0002006BD48E658AE6D4145BA0BE113A3DC59BBAB3B5721A77DF7D8437DEB88B818111A81355080D0D41008BF5F7F385BFAF2F7C7DFDE0EBE32D2E93C64A23BC031CE1E96F07A53203AD8D6354F5FFE62899454C6C227272AAF0E927BFC3F74F9EE39F3F3CC777FF7C8A6F59F837DFFE484670DE9776E0F75FFD155F7EF947CC4E2F719AE4E21C8B7BF3CD07989B5A81BD8D1524E1D1B874E9262E5EFC85F8B796E60E16788D23F41CFAFA2731317D1AE72FDE624B5C22FD298CD4824DD27576699B3B3FC42971118DD4AAF2A65ECC501F16390EE73902BBBBFB50525A8AECAC74C4CBA291979E82CACC2C3435B4205E2AE50E07B0601FF8797BC3DBCB934C7487A7871B9707BCC9CE90C0403220261A76EE66088AF44457E7387EFDEB3F89BBFC97BFFC171A6A47F0F5D7DFE21B16FCED3F9FF1FAFF8AFFEF6F7FC026A92950FFF75FFD0D6FBE760F870F9E448AB600572FBF8E99E9155457D6C3909E0D5767676C6D5DC199335790CE9D4A4BCBC329B6C0C6C645ACAE6C637AEE2C2E5DBBCB114900A8098BCBA708063DC6D665D471641AC7163038BE82D24623BA07C6D0D9D14B9D2A81C1A043923A8E464B896832B7303F07AA001F04D8DBC0D6D282E05BC3D1C116CE8E0EE277707371811F773DC0DF0FAEAE4E387EF2384CAC1D2D11141EC9BE4F6631EFE38940718AFD0FDCF1375E7F80EFBE7F26AE6FB9F32210E2FA517457A303CBF4017FC5AD373E80938327F6EED94FB7578985997534D6B6E2DCD91B98A6F25B599AA1B0B01C43747709091A6C9CBE89D364C0DAEA45B2E02C66572EE1E69B8F70F9957B625BCCCFAF93051BB87AED26AA9A7B51D9DA4F8D388BF4BC52169D099D5605B522067AAD5AECFD9EDE7E54965720BFB000596A25E23C5C6171603F0EED7E01875EFC190EEFDE053B6B0B38D83960FFBEFD78E167BBB07BEF5EECE7734C2CDDF6C3D6D9822044D05C5C64F1A4F9F74FF0DBDFFF0923E373F8FC8BDF89C5FF1B847FF26FFFF8C70FA8ABECC61FFFF0356EBFF110B1D14AEC7A611FFC3CFD919D598CA6FA769C679FDFB87E1BD7AEBD09473B5BF8FB04626DED2C9A5A0670E3D50FB0B979052BDCFD357A80E9C573B8F3FE97189CA2D39BA5CD9DDF1041B870E93A47E8A858785E5E2EC7B2824E2F0A59E97AD4D7D58B850F0D8D61746492C6AD07FAF40CBACB3CA8FD3C11646B8913FB5FC2B13D2FE0F0AE9FE1D8DE17E1606B879FFCC7CFF0C24F7761DFBE0330B33087899B9F3BEC3DCCE115E48A91B1593CFCE833AC6CAED3A50D6178AA9FFE7B121F7CF811FE41DA7FFF83207E4FF1F0C35FB2C8019CDFFE0577238B88EE6591CEC8CA284297711C972FBD861B376EE3D557DF412305CAC5D10EEECEAE5827C05DC61134360FE122DB6479F90C41D8A247A0E85D7E0BDDC30B181E9DC33447E5C4E402BABA7A919B9B479AC773C765F416427F37A3976379706804C334571D1D46A4A7A78B233687CF2DE538D44BC290E8EB062753539CDCBF5704E1D08B2FC2C3CD09070F1F82390BB7B1B58687972B4C4242E5888C4B404FDF145EBE7E0BE72EBE82D6EE76145517A0A6B91EE3F4E09B67AFE2DE078F29824F39019EE3D2C59B28AFEC407292012FFE742F3C5CDC515458C3397B993B558557B8F3DBECF7975F7E93A36F09FEFE01707771E6EE6E8A9F5355DF8B7397DEC00A0DD0128DCFCCC2698C4E6F3117CCA3B563009595B5045683245502D472290A0BF2398E3B085E1FFAFA86D043F12B2BA3E14AD541AF4B42AA4E85A4442941D0238FCFCDD726411BE84B16D8C0E1F011118483BB76C1FCF851B85300AD6CADE0485DF0120048D5D723302204C69E29D2FECF0C10BF61EFDD465E793E4AAA4BD035D48BCBD77F218A9EA00B1F7DF425693C08853A1D2FFC640F6CCC2CA18C5750E57F81E86819140A3DCE9EB94A3B1D2F2AFF9953979099910B2F37178C8F2DD30DAEA0B669006738DA9638F21616487786AA5AF679755D2BD46AD23C2116DA24354A8B4BD0D2D2CEC27BD1CD555B538F54BD1E9A24158BD58A85CB62C3F85C058A8B0B38F686515C528632B6812EC80F722F77785B58C0F12877FDE03E1C271082F25B5B5B120047B8383BC0A4BAB607E99915B49DCDF8E497BFC6DB9CA12B14A6E1D10554B39737B6AFE2C1E3CF59FC33FCD73FBEA598093337077B761F80B3BD0BB4C93A0C0E4F228CC9EFC51776235EAEC1B973D7D1D0D88D57D802DB672E43A74B274B9C31C6F79C9E5D4775533F462757C5E2C7C7E6D050DFC21D543394C5214DAF4355650D5A5B3BD9D77DCC2346E464E7209101295125E38A835C2641B25A8EBCDC2C34320DF6F78F607C6A1E8B2BA7D04EA08436D0858520896A1FE2E0081F52DED9F4082C0F1D40888F279C9C9CE0C229E0EEE10293479F7E8173575E4141650926386305B51DE1B5A1B3059DFD34413F7F133F3E7D86FFFEE63BB4B40ED17474A2A8A80EC78F9C84469D8A9AC62E9A1D0FECD945C1397682163A8F66E7069656CEE3D295D7716AF30254AA24B83839A2AF6742B4B3E50D3DE8EA1D170B4DA651512AE2A81F19DCE106B4B775A3BDBD9B695170A72948E07C97C74721411ACE6B0C8D5626016B64A81AA4664D33372C617E9153835AB2BE750123133328ABAC446EB20AFA9000C8BC3CE06763014FF31370620BB8F02A8B8D879BBB2B7CFCFC68847AEB70E9FAAB2CF4366A5A1AD142352DA9A9664FD3D1D1895DBDF1067EFDD59F70FBADB7E9CC36709145B5B40E50F9E5C865F0397AD40C2FEDDE8763474D11182E4169451B2E5CB8418F7F0A17A8159BF4FDA9FA0C51036AAB5B295E13C8C92B110B4F54CA50909F8F2646DA7A9A97CCCC1C523B9385CAF825235874240D8E84BDAE414545253A3B7BD03F308A318AB5902966675718A436C4E2C58CC030B4CAB05450528AB2927CE803FD90C88910EA6C0F1F8E416F6A822B01502728E0E9ED03572F4798A4E424A3BCB102F3CB6B446F1286A214E8B255E29B4CCF2DE2DE8347F8EA0F7F467353172EBD761F77DEFB8CEDB1C87C508843074D7170DF21B8BAB8C22F38002192506853B3719E2D3034324BF3738DCABF8D0C9A21A10592D41427CE694D9252EC6FC1C31715962051AD42345F2B8D896028A327898E40A6219D625885D6B62E18A9FAFD03E3E2941A9F1452E53CA6A617992556B0480084B30161F7374F5F12A3724B7B0737A204E951E1D0047A2392740FA621F2B1B1849B8D1D83973F7CC3A3E0CD0D33E91B19C295AB37C5E3A58AE66A4853626028CEA45237619D09AEB2A61855354DFC320DB870F301EEDCFB0CE5D52DD8B7F7002C4E5AD0630722365E8A58793CF28B8B3919526980AE31A6929AF3A7D1CFBCAE962BE0E1EA8CF8D858D454D5A2AEAE91A064202E46821849B0B892D409C8CBC945636307DBAC05DD3DC32C7A8C60CF70D64F11D0498C4DCC89C58F4FCCF3F6AC1885179785D3A153D42D7A0AA6C4256681FEC131149696209FCC89E534080C0860C88B873EA708D5CD5D9865E2BC7CFD2DBC76FB435A61553824AA0824195210991806893A049A1C3D74F93AE49465A1AAB60A4565B57CD3496CDD788F53E22BE6E84C989B59B0DF197DB3F39098A243822619812161080D96701C5E82B1B38F293313FAE444681213E905EC218B89E36853321B04222E8AB35A11CF9ECE464D751D0B6F4547573F7AFBC7392A4731383285E1F1590CB0F0C1E129AE09710C565494531B3488E2ACF7A6B79FA6062C51FC76DA609B409CE6ED4DA49075A565F950067863EDF465BC7EFB01DEBEF7096EBFFB31DEBDFF4B71BDF7E19730F10EF5859D9F157C63DC1018EF874865B0084260981F142A1577BB810ABB8A997946D45FDCC795976FD1709423202014710A8EAC94548471674D8F9B9115FBC4446948A5DFD7A6A0A6A21A757CBD5EA3A1117286AFB73B14B258F6791A4A39AEF2F30A909161A0E8F5D0F0E4A08D02D847AA0F71D7874767314A273A40CDC8CE3420323C18EE34321E1EEE7077F7E0E704C2CACA1A75F5CD22002B6BA776D8C0EB3273440D0D536149213451A19C34B378E7BD4FF1FEC35FE1EE0742F15FB0F85F89F74DDC82ECE116EC8450452482138210121F08993C0292B030F66A1666E736F94596716AFB06CED1C2DE7EE731B2732B102955C12F2C0A27CCADB177EF4B303B71929EDF12E11111747F2D8CD1ADA2B24BD9874A9954D480407F5F16934393A325E5D5E2DF4B8A4A098030E3EB584CA378C4353A36CFCF24CD27E74510CACA4B10191146E576A37FDF8703F4F05ABEC701DE4E4C4E114F8A8416582503043D58593F83DE81219AA25C643137146566E21DE190843BFEEE832F441004008465E217EB8E185D0414D9528472F73D839C914DA19249A2919F5DC231B38EDAFA2ECEEF2DB2A10F6FDFFD184ADA5F2B1B67ECA5FA1F3E721C66D6B6080E0D83077746AD4C44923201F2B868A470B65794543055362132349489CC0199693B455757D7209F13A085F3BE8D0C686E6D47655515BABA0731C1183DCA3E9F985A64545E4287D188EC9C1C040787C0D2CA1CFB0EEC456D431B3FFB307C7CBDC531B8BC7646D482A5D52DB11DA66616904A212D2BC98522D01F37DFBA2F167F8F20DC79FF739105C27D135B4FDA427F6B042504C0DECF0EDE61AEDCDD20B1C74A0B2BD997A3E8E81CA1CA5EC7D6F62DDC7AFB115C5C7CB06FFF51D8D839324879C12B50027D5A0EF37710479802E52CBAB9B11DC68E7EF4F78C1080068E3C35E3A8837832141D1128DE1600A9AB6B42A7B19F9FD3CB9D2E23038629708B5CF33B8A4F10FA0687D1D2D6062DC7A90773FD497373F40F4D439DA4E7342AC0ECFC8AD8060200421B2C70CDCEAFA18893ACA03017499121981C5FC09DFB9FE3BD873B0008B74500BA0726E011C6E010E602A71017F8847A4011112EF66B596915A6E6B6D0D4DA8B8515C6567AF6B7DE7E88B07019EC5DFCE1E31F0E3FDE8E55A6F3C3AA218988A4A949C230DFB3AABC8AE297440046D9124DC83264C1DDD591AE508B142D45D1CD197E7EBEA8A9A5E1EAEAA3EA0F8A0ECED83D44019C21FD85E217B8932BD4842974F674A39F6238303C8319B6E5D4EC06992158DF1AB4F3F54BC22460EF0BBE607E714D6485F0A34946661A72F4C928484D138BBEFB604703EE096CE06D135D9101EE119E700E7783858B2595D50929D1D1F06568282D254D8BAA51525E8F31EAC0C6C62502F0880048E11F968048C6E0FCDC12146464C3C029A08E8D11C5696C78163A8D1A5E2ED6E825039A1B5B505D59074F3757E685083AC90248C9149DDE40DAD753DD0708C010034E295B80337F7042ECFDD18905B11546380DBA0840EFC00894EC794B1B47FA14BA486D06F6ECDD0349749CB8F38B54FF79023047006617D63845A6C84C3D41CA451C83CFF5D7EEE23627C19DF73FA30E7C2E2E1397601758B859E384A3392C1CAC20F1F3460EFDBD3BC34259492D3D80E0D2BAF8A667B07DE11506A5B7101C1E03A9428D62F67031FD784A7C02C2245A3887A5C3C63514238333286591124E921EE320935CBBE8F79D1D6DA9136EA860A1350C3E2DED7DA21DEEE0C8EC2408651C715D6C872E7A80F1C945162ECCFB9D36E8A12D9F9899472447A9959D034223E2D0D63584BD7B5EC2490B4BCEF655B17841100516CC2CACF2F90B28665B19B2D291141D8AA1FE51DCBAF718AFBF7D1F6FBCF301C7E24730098C0C871BA9182757C2D73F0869F172A47305F3B14EF67F17FD7B1D45B09BDEBDB56D08B2F864F148C9D7D3038EB68E384A11B4B1B28543701AFCB4465878CAB9EBA3DCF172A6BA68F1F8AA836EAEADA513B6D656B0B7B3616B31B3A76721BBA014E95A1DDA3B7A44008429D04CB03A486941FC46C767452026D8067D83236C8B19A465E5C191CEEED8B1E37C7C1D478E1CC391C307F8FA5E71E785E2175636E86297F8DA39BE5F2B92539291A54F8482B56666521352B390989A212E930C430192686C32B38BD99BE9484D5042A74E8603E9AB66D8898E5140ABCBA40D5DC036E3EDD4C219ECD9B39F33D81CD19152383B09E76C7E700831C02BB10B871CA59CE703A8AFAE862E5949FA77D014F5A0B5B95D3C91757670A0FD2D608E28E5E76990A9D3A39D0C68EFECE544E820E36A79BB47DCF91111801D311C1819C5F0D818136A2B626897EDEC8E31561BE1ED1380FDFBF6229D1962666E45648200C43833C3545F3F06E93AE3E2E39939B210E668052F2B538E6B735AF7207873234DB20AAAF9E262F66336953F160941C188604AB2B037879B671029A7406E21C570768D5F620939050D303F690D675777840685C1CBD38FA328081E0152588764C3D23582BBDD8B7A1662A0F8D471027493D6CD0C3CC141419C208EC8CACA40516925536222D2C984B68E6E8E42A6C04EA6C0B2322A7EA7688105211417A3EED0A8E00807D90A6390D3431C343D048D3E8BBB6BC0AE5DBB1042173A3DB72C4E845981FE7CCD788711BD75F5FC0CBDD806F2206F04DB9AC1F6E80184464721202C182605658D48D6E5202621199EEE3EF0F2F0819DA333AC39A2E2951988884D4449459308405D7D1FDD6136ECED5DE01D102CFEF0E1ED17090FDF6884D2070847D0BEDE5E6868107EA8A8A1F26BD1C81D3092D2F5750D3433E1CCE2F64C873AF67B3522299A0585A5546BA30882C08262BAB7667A03C1110AF417C5905A209C39F40F0D520FE658781A3DC041C6D96054D636C3F4D8010AACB3F8B749F6BDF0ABB1A001E3337C2DDBA6B4B282AFD142AF9022C2D1127E16C729D60188888B61169025C2D1D91BF64E9E04C017EE2132F83029C5272623322E89AD20FC52A422FDE6C5A89B995DC122DC101C190B37B2401AAF429C4C8DF0C818B838BBC3CDD98581A701B5343586742D2ACB686E48F17A32213626560440A9523063342041A5465E5E311A9B5B09429728860545F9220082211A196310A225165A4100A0776040FC5D51C7916A6B6B8B63A627C54971E8D07E6AC121BEAE0393B34B5CD48DD905F1F7C8490A677B57176409326467A741CA2917E36A8700EA88944C3291C9F59072C525A4C0DB57822316667072A367D715233C468D9048191C9CBC218951C2905F8D3443A9C800DFA008BA323B324207A53285E34D0A6F6F7A032F5FE6FE06D4B10532D353185EEA60A4C0D5F2BE8CBDE8E86807496404AAE80433698A2AAB762C70139D603BCD505171A158485B478F68868646A609FECCBF00101830854282EAE5E38BFD870EB22D6760CD88BB6FFF1E246B7414CFF91D0066767CC4F0F834BAFA0690A82103D2B450311B447B382088F1582B88A04CAE43BC22950068A160212E9E2E44F4186CED3D98D3D35056DB0B5F1F26AF000F1C3F69030FEF20D839B82242A6427874124C4DAD10413FA0A290EEDEF512EC1D6C685B53084215723275A86681C6EE6154555523395923FE40211C926665E7B32FF3C8A85CD4920D8200B6B51951C209D1D4D246008C6216E867181A1A9DC6C0E03827513F8DD0101A9A3B1110E4CB0076583C9491C9D53870E225B8D3258EB260A10DA66797C5FF13453821EA1D1A15CF37E2D54948D72522DADD1112173BC839CA4D12147A242853B9F404424714391E92B470727083CBA11370B47183F5110B44874AA04CCC600EC8A52E68119B9005730B3716BD9F0585223E2111FB0EEE867FA4298224A6C8CA4CA1EFD7A230378FF9BE0995159514BF6C38DADB9225DE62E831D2FD094B38F76BE4F8130E3FAA6B6BC98A1A910542241EE0CE0FD2090E3216F70D0CA3ACB20A95427CE65815E2B37050D23B204C8716E415968BB15938C916D628C7E0100119189B86B1770032A6D78C4C3DA2BCDD10EA6C8B103F1F98C859B85C952616270021DCD770EC05068663DF4BFB70E8E0111C39740411115170750B80A5A51319721C2FBCB80F3FFDC96EFCC74F5EC4F1E356B0B276C0A1C34770F4F85E989AED157FB5D16995C834E8443DA82C2F4739EDB183BD0DB5C2490C405DDDFDE2FF0CD1DAD185A6E636B1E886A6660A61B1D812C2C1C6C0F0383DC038DB609AED3085FAA676141497232BB700A9E9999C5E191CE329622AD4A565923D9D64C18CB8FB437C4DFFC838D784B832B23835F41A24C68621880CF0A7313391ABD2890C19C0AB5C954A16E8D9D7697C53030C99F9DCB5025EF3E8E10D7075F124E54FC2C2DC06870F9B328E129C23A630B3B486B9950DCCCC6C70F4E83102720286541D82433C394E4D597C09F3400D1A1B6A298276E26F75458585DC71D29EA34F2C9C76B9A1B19940B4A2A0209FC2D822DAE2C121018051F6FA84C804A11D4658A070203ACCFB7DB4C7F50D4D343C2DE25510538111C37C4E0FBD80917FEFA189EA1B1EE534E0E8D570F46A1588F7F180C4CD11263BFDBFA3030A1A1F196F4B2988C27D75621A9D533EFBB490E8E5212D3D071AADF01C35C14A64BBA4203C5C82E030097C02C2E0E415023B271F848445422E93724AD861D79E5DC8CDCEE118ACE168ACA669F2801385308B51B5B6BA5204A5A9B1812D52865A8E4A61E5E665B3CF5BC5F1D83F289C100D9109FF0240289CC58D4ECC62727A513C0E37F60AF6B987850F8B99A2BB977E817DDF333402633F6F334D7651409B3ADAA1485421232D19AA002FC8BC9CA801DC75A93809764088A5D58D9126D13D25B1D02482A0437A5A163284C0939983CC9C3C6471C95572848486203038002EAEAE88E52894C834F0098A819D953D4E9025C7CCCCF0939FEE42BA5ECF295025AEE0203F711446C748504300AAABCAC555575D4103D588F696261415E4D24B34A095CCE8EAEE433399626461FD02130420A807424BEC9C112E884CE8EF67F1EC7363DF8EAE74110481FE42E1EDDDBD64C2203AE90C35F4203A6A53A2240009020032790ABFBC86052773A62773A627222A5621AE58A98AEDA081368589AAB80C79052548D1655048726947E361EBE44EFF4091645F3B73FE07455164CA5B616A61833D070FE28583FBB0FBA50348D56A198F4B5055219CEC04C3C5C98193C48E99A018390C532AB5920C2846750D59505B4546D489CC686D25A5094A4D5599C8A0D6D656F4F50F60803B3B3024E8C3A8381E0530FAF898C01463CF8028B05DBC0AF94110BFB62EE17788017115949642AD4DA229A2EBF571854934773A4A968418EEA0606884A2A3687F25317216A9E0EC56D3B890EEF4EDE9E9066A421E72F28A4433644D1F6063694361B4A42E5842955180C4EC4A1CE3632F1D37C30B474DB17BFF21C4C745419BAC4071612E62A3C3C5DF089C08426E4EB60880A3AB1B3581E3B0A6922D50B573255B2A2BCBC8044E858A52A649A155EAC5FBCD4D0DBCD6F32AFC40D243068C8BC5F692053D5C1D1456C153740A22CBD5D2C989D1D3870EB2A98EAD2553CA91C171A8F0F7A213942A104DA717C315CBDD8F95AA11CDC223A3E30944024151715E0AAD4026D04C641004E148DBC1DE1927CD2C99CA4EC2DAD20ACEA47C42BC16B2C42CD83879C0F4A4150E1E3D817DF41432DA6BE18790E44435A22243E0E1E6024F0F77949301C5343EAE6E1EE24169150BADA9AD1001A821138416696AAEA78B1400A9200BAA50CD56115A46048440084C69FC1728C26A679F1BBBBB59B800420F45B647F414EDC66E1100810D82034D4949822ADC1F2692583922B8E33171A4BC4C490094D400B6400C01884DE0E372B686120A7922FD4132135C129293D4303337A7E29B72EC99E1E8B113F03B781CC97E1226AC2878054A91204F46504838F61F3888D01336485412001A9104998C96DB4DFCA9CC60C8403CA3776E0E1329DFBBA2AC08352CB4B6BA7CE75A538EC6C65A1180D2D2228255C45457286A5086219B212E9BEC64EB92B59A9474E4F26F95547A414B9A1B0580080C6F777475B02D84C86D446B671732B233C540A5615C37898896D1C909C5CAC56205208425ECBE44785CFC5B3CE2A404825159680761C5304D999F34C3FEFDFB71F0D05158583BB1281F58D8B8E0A4A53D4E9ADBE2A4851DEF0BBFC91F67A10AA8556453BC14013EDE64812B19954230B5F00CE2581246AF5A818848258535161E3E21F0E735343C01A1127E27EA548C544366AA1141AD09894C101DA84F6014AD7B109CDD42443FE3E216CCFC1200DF80283E4F4E5FA345260D583399D4DD4387D9D684BABA0AB25807FF9060FC1F115FE1EF74F3D0470000000049454E44AE426082', 9);
INSERT INTO Bild (ID, Bezeichnung, Aufnahmeort, Bild, Album) VALUES (4, 'abc', 'Dusseldorf', X'89504E470D0A1A0A0000000D494844520000003F0000001F080600000050F315E9000005714944415478DAED596B289F6D18FFDBB0B14DD9E69C2133C30A5FD4A29553FB20510E9BF9804911A6E18336A11CA63966893431CBE47C58DBA865A16462CE1911D19A39CCF9CCAEBDBFAB9E37EF86FF98ADBF97AB6ECFF37FEEFB7E9EFB775DBFEB70DF44748445740CFE18FC9F91CDCD4D5A5C5CE4FBAAAA2A6A6A6AA29E9E1EAAACACA48D8D0D9A9999F9FF819F9E9EA6EEEE6E7AFBF62D595959D1D0D010050505D1A3478F28252585EEDCB94385858564696949737373D4D1D141DFBE7D3BFCE001A6BCBC9CAE5FBF4E6D6D6D545A5A4A03030334393949B3B3B3AC984F9F3E514B4B0B8FCBCFCFA7AB57AFF27381258712FCC8C80883EEECEC646B8E8F8FD3C4C4047DFDFA95290EF08202A6A6A6B80F631A1B1B5909B6B6B6B4B6B676F8C0C3A75FBD7A45050505F4F9F367FAF2E50BCDCFCFEF3A67656585150056C04DC084A2A2228E0D87063C40949494507A7A3A5B521CE81F65797999E7A1C5C4C41C1EF0006E6363439999996C71F8FC7E64757595D98278F0F4E953F2F3F3FBA341F040C0C34741570437D0F777048CC13B6A6A6AA8ACAC8CD6D7D725173C72B5838303A5A5A531659796967E7B51000F06848787D3BD7BF724DBF2757575545F5FCF81EB200459010A78F7EE1DB5B6B64A2EF8D7AF5F939B9B1BF5F5F571EA3A28371A1B1BA38F1F3FD2C3870F396D4A24782C30353595172BAE5405284472B0449CC085F0EED8D85856AC44827FF9F225C5C7C77311232ECA239DDDBC79938A8B8BC5BE172E84AA303737970B278904FFFEFD7BCAC9C9A1E1E161AEDAC4096A7B1433BB09D21BC0F7F6F652747434B5B7B74B2678E4E4FBF7EF7351222ECD2D2C2C30785482E2C621DA373434F0E6073B4389040F8B07060632782C18A96F27F9F0E103656565D1F3E7CF777D275C08F91E65F2DDBB77B9F891D8548774949090C0410F0BDF495EBC78C1C5CB93274F760D8A50E2E0E020555454FC31E0FB02BF5DC5858309A4A4AEAE2E2E6F77AACAA2A2A2D87FE1C73B8D81AFA381EEBABABABF9419F623C8267B023F3A3A4A494949DB5A0356F7F7F7676BE17E3BFA070404F047C3C2C2A8BFBF7FDBCA0E41B3B6B696E9EEE9E9C925EE5E8DF12B929797B737F06FDEBC21151515CEBFC206043E8F14070B5DB87081BCBDBDB90F0D1B9EAD74C6E90D161B1717C76CD90A40D8F7E3C4272323834E9D3A450A0A0ABC53DC4D7052B49FCA12B5C99EC0635167CF9EA5C8C8487AFCF831476E34F8309A898909999B9B333B407F5812551FEA7D581A7B00C8B367CF781E14827E2156A09C856BC07DD4D4D4E8DCB9733F8147260058E1C407B53F8C02C1B39D4E826020E150058AF6F5F525110A0F2C0AA72E384DF9D12F840FA2D888888860CBEFA4692727275EF483070FFE3D9E12F27F7676365BBEBABA9A5D03DF047034D40A788EB3BD8B172FF2B74E9C384167CE9CF9093C18666C6C4CCDCDCDAC54144DA802C132CCF7F2F2DA766D609AA1A121BFDBC0C08034343448044DCBCACA92A3A3239FA3252727F30E0D0D7D898989E4E1E141B76FDF26777777B63CAC06DA80BEA8EE10E9311E8BBA74E91283D4D2D262166067062D5B5B5B93858505E9EBEB938F8F0F8F437D10121242F6F6F674EDDA35BA75EB16C9C9C9F1BD482422191919B2B3B3E35881713800757575E53E333333BA71E306292A2A7260C479C2E5CB97495D5D9DC7A2050707536868285F814F4A4A8A8C8C8CF82A2F2F4F225353535EA89E9E1E3F8065613D68464949897FA31F1FC0B393274F928E8E0EDF639198AFA9A949DADADA4CD3F3E7CFF33D9E09F33147F820EE310657696969BA72E50A2B1D5755555506F6371A7F0B7F949595996E58202C0B10685BEFD160094CC4A2010C7385C69AFCA70FEF005D858677E00A1A2388A11FD6C5EFD3A74FFF672C18F8B7C08331221717177276763E92EDF8DF554755BE039103E4C25F8A15D40000000049454E44AE426082', 4);
INSERT INTO Bild (ID, Bezeichnung, Aufnahmeort, Bild, Album) VALUES (5, 'abc', 'Dusseldorf', X'89504E470D0A1A0A0000000D494844520000003F0000001F080600000050F315E90000052E4944415478DAE5985928B55B18C737115124226596A1244372611ECA980BD75C48860B19326588125794219129998788902937A6929224844892799E67CFE9BFCE59BBBDF7F7FA72CED9BEF39DF65BABFDBEFB5D7BEDE7F7CC6B89488ED7EDED2DFD9F2E913C17DBD8D8505CF8F5F575C5851F1F1FA7A7A727C584AFA8A8A0D3D353C5842F2C2CA4838303C5827F7F7FA7A1A121F2F0F0A0BCBC3CBAB8B8501C78C0E6E4E4908E8E0EB9BBBBD3EAEAAAE2C077767692919111894422525353A3929212C5815F5A5A223D3D3D06AFACAC4C7373738A95F0CACBCB197C5050D06F0377747444676767DF0F7F737343E6E6E6D4DCDCFC5B80BFBCBC504D4D0D6565657DDA7CC9B5D4393939D1C8C8C87F0AFDF8F8C80C71797949B5B5B5CC133B3A3AE8E4E4849E9F9FBF07FEEDED8D6C6D6DA9AFAFEF9703A3D4DEDDDDB18DD5D5D515FBC4686969A1D0D0501A1818609D2714707C7C4CF7F7F7F285C7E2969696D4DDDDFDCBA061495859121A4AF8F8F860EFBBBABA282424444AA6D7D75796070E0F0FE5077F7D7DCDCA5D7B7BFBB743C372F83FF417808602E0EEB217A0030303056582B7C80D1E9AD4D5D5A5A6A6A66F017E787810C732A0718FEF84A0F00ECA696C6C645D27F61CE7E7E7628F907BCC6F6D6D91BABA3AD5D7D7CB0D18C2C28D01C3813190C93F0B01CC0328EE7B7A7AC8C7C787C98467C43B365EC84F72855F5E5E6675BEAAAA4A2E658AC73287968C6521E5000AD6C66F10D7B8C6C6C6C8DBDB9BAAABABA53C88273EB9C12F2E2E3278B8D8BF716D080FD7E6094C2896A11C9EE490BC70CF33B8E4353131419E9E9E54565626E8297283474B0BF8E2E2E2BFF53B588997265899DF73EBC9263ABC0330578E5008708F181E1E26575757CACFCF17BBFAB7C4FCE4E424832F2828F84756FE2C81416880C0A5018D794256968C7BCCC3181D1D65BB4C747970730CC9932691ACC690AD13131329353595D2D3D329292989E2E2E2A8B2B25250387EA1B3033CB4FC552BF3B816B232DC1DEF90BCF8DC9F59190A44C58192787E989D9D65F0B9B9B962E57025408152F0D05642420283901D1A1A1AB4B9B9F92918322BE6656767FF20DC5763992B872730AE1C942FA1A68A87001424140208453737376679D97288F5A5E07104056B73586B6B6B31BC8A8A0AADADAD7D0ADFDADACAE665646488ADC12DCCB3F0CF9217E64020D92E4DC81B308FE707216FE0E1323535C5F61BF05EBE1E2F81F00A29F8E9E969B61100041A167F7F7F31BC929212ADACAC7C0ADFD0D0C0E6C173F007DC1A4296C333BAAEF0F0705686B872844078DF0E5894289ED931849218BC6C6767879D31E034D9C1C181626262686F6F8FE500343D90D3D7D7F74FF8FDFD7D560ED8177FC11A1A1A5258589814FCFCFCBC588370612803024390D2D252360FF90102CAEEA0B8AB0214F5D7D8D898CDE72E89AD707C7C3C0D0E0EB23525ADDCDBDBCB14B5B0B0C0E6A6A4A490999919CBE692890EB10C0505040490B6B63665666692BDBD3D93096BB6B5B589792C2C2C4884E6C4D4D4F48718C77194BEBEBED477262626CC8D5C5C5CC8CACA8A545555591DC5CE892B2E3636560A185683A2E009BBBBBBAC2A68696989D74C4B4B635E6367672756FAF6F6B63804A004676767F62E393999FAFBFB59F9C2333A37180E8716502AE6624036BEB68D8D0D4545453159603CFEBF9A9A9A248A8E8E66474F4249EEAB035EC115E5E5E5C52C555757C742C0CFCF8F222323A9A8A8888283839945247F8B67E417C9DC02454099101EE783D82ACB1A069F38344523333333C3421696C54E0E5E81F7111111646060408E8E8EEC1D2A998CEC2252D801B755D4F10742B09FC5453A96530000000049454E44AE426082', 4);



INSERT INTO Schlagwort (Bezeichnung) VALUES ('abc');
INSERT INTO Schlagwort (Bezeichnung) VALUES ('nnn');
INSERT INTO Schlagwort (Bezeichnung) VALUES ('xxxx');
INSERT INTO Schlagwort (Bezeichnung) VALUES ('aaa');
INSERT INTO Schlagwort (Bezeichnung) VALUES ('bbb');
INSERT INTO Schlagwort (Bezeichnung) VALUES ('ccc');
INSERT INTO Schlagwort (Bezeichnung) VALUES ('ddd');


INSERT INTO Kommentar (ID, Text, Erstelldatum, Nutzer, Blogeintrag) VALUES (1, 'abc', '01.12.2017', 'Lisa', 5);
INSERT INTO Kommentar (ID, Text, Erstelldatum, Nutzer, Blogeintrag) VALUES (2, 'abc', '09.01.2017', 'Anna', 3);
INSERT INTO Kommentar (ID, Text, Erstelldatum, Nutzer, Blogeintrag) VALUES (3, 'abc', '01.12.2017', 'Lisa', 9);
INSERT INTO Kommentar (ID, Text, Erstelldatum, Nutzer, Blogeintrag) VALUES (4, 'abc', '09.01.2017', 'Anna', 4);
INSERT INTO Kommentar (ID, Text, Erstelldatum, Nutzer, Blogeintrag) VALUES (5, 'abc', '01.12.2017', 'Danny', 4);
INSERT INTO Kommentar (ID, Text, Erstelldatum, Nutzer, Blogeintrag) VALUES (6, 'abc', '09.01.2017', 'Danny', 3);


INSERT INTO BewertungBlogeintrag (Bewertungsskala, Nutzer, Blogeintrag) VALUES (9, 'Anna', 2);
INSERT INTO BewertungBlogeintrag (Bewertungsskala, Nutzer, Blogeintrag) VALUES (6, 'Danny', 2);
INSERT INTO BewertungBlogeintrag (Bewertungsskala, Nutzer, Blogeintrag) VALUES (5, 'Anna', 6);
INSERT INTO BewertungBlogeintrag (Bewertungsskala, Nutzer, Blogeintrag) VALUES (3, 'Anna', 9);
INSERT INTO BewertungBlogeintrag (Bewertungsskala, Nutzer, Blogeintrag) VALUES (3, 'Danny', 6);
INSERT INTO BewertungBlogeintrag (Bewertungsskala, Nutzer, Blogeintrag) VALUES (9, 'Danny', 9);
INSERT INTO BewertungBlogeintrag (Bewertungsskala, Nutzer, Blogeintrag) VALUES (2, 'Danny', 1);
INSERT INTO BewertungBlogeintrag (Bewertungsskala, Nutzer, Blogeintrag) VALUES (1, 'Anna', 1);
INSERT INTO BewertungBlogeintrag (Bewertungsskala, Nutzer, Blogeintrag) VALUES (6, 'Lisa', 5);
INSERT INTO BewertungBlogeintrag (Bewertungsskala, Nutzer, Blogeintrag) VALUES (3, 'Lisa', 10);
INSERT INTO BewertungBlogeintrag (Bewertungsskala, Nutzer, Blogeintrag) VALUES (5, 'Lisa', 14);
INSERT INTO BewertungBlogeintrag (Bewertungsskala, Nutzer, Blogeintrag) VALUES (1, 'Lisa', 15);
INSERT INTO BewertungBlogeintrag (Bewertungsskala, Nutzer, Blogeintrag) VALUES (10, 'Lisa', 16);


INSERT INTO NutzerFavorisiertBlogeintrag (Nutzer, Blogeintrag) VALUES ('Lisa', 7);
INSERT INTO NutzerFavorisiertBlogeintrag (Nutzer, Blogeintrag) VALUES ('Danny', 3);


INSERT INTO NutzerBewertetKommentar (Bewertung, Nutzer, Kommentar) VALUES (-1, 'Danny', 1);
INSERT INTO NutzerBewertetKommentar (Bewertung, Nutzer, Kommentar) VALUES (1, 'Danny', 5);
INSERT INTO NutzerBewertetKommentar (Bewertung, Nutzer, Kommentar) VALUES (1, 'Lisa', 6);
INSERT INTO NutzerBewertetKommentar (Bewertung, Nutzer, Kommentar) VALUES (1, 'Lisa', 4);
INSERT INTO NutzerBewertetKommentar (Bewertung, Nutzer, Kommentar) VALUES (1, 'Lisa', 5);
INSERT INTO NutzerBewertetKommentar (Bewertung, Nutzer, Kommentar) VALUES (1, 'Sebastian', 5);



INSERT INTO NutzerBefreundetNutzer (Benutzername1, Benutzername2) VALUES ('Lisa', 'Anna');
INSERT INTO NutzerBefreundetNutzer (Benutzername1, Benutzername2) VALUES ('Anna', 'Danny');
INSERT INTO NutzerBefreundetNutzer (Benutzername1, Benutzername2) VALUES ('Danny', 'David');


INSERT INTO BlogeintragHatSchlagwort (Blogeintrag, Schlagwort) VALUES (1, 'abc');
INSERT INTO BlogeintragHatSchlagwort (Blogeintrag, Schlagwort) VALUES (5, 'abc');
INSERT INTO BlogeintragHatSchlagwort (Blogeintrag, Schlagwort) VALUES (5, 'xxxx');
INSERT INTO BlogeintragHatSchlagwort (Blogeintrag, Schlagwort) VALUES (1, 'aaa');
INSERT INTO BlogeintragHatSchlagwort (Blogeintrag, Schlagwort) VALUES (1, 'ccc');
INSERT INTO BlogeintragHatSchlagwort (Blogeintrag, Schlagwort) VALUES (3, 'bbb');
INSERT INTO BlogeintragHatSchlagwort (Blogeintrag, Schlagwort) VALUES (4, 'aaa');
INSERT INTO BlogeintragHatSchlagwort (Blogeintrag, Schlagwort) VALUES (2, 'ccc');
INSERT INTO BlogeintragHatSchlagwort (Blogeintrag, Schlagwort) VALUES (2, 'bbb');
INSERT INTO BlogeintragHatSchlagwort (Blogeintrag, Schlagwort) VALUES (14, 'ddd');
INSERT INTO BlogeintragHatSchlagwort (Blogeintrag, Schlagwort) VALUES (14, 'aaa');
INSERT INTO BlogeintragHatSchlagwort (Blogeintrag, Schlagwort) VALUES (14, 'ccc');
INSERT INTO BlogeintragHatSchlagwort (Blogeintrag, Schlagwort) VALUES (9, 'abc');
INSERT INTO BlogeintragHatSchlagwort (Blogeintrag, Schlagwort) VALUES (5, 'aaa');
INSERT INTO BlogeintragHatSchlagwort (Blogeintrag, Schlagwort) VALUES (5, 'ccc');
INSERT INTO BlogeintragHatSchlagwort (Blogeintrag, Schlagwort) VALUES (6, 'bbb');
INSERT INTO BlogeintragHatSchlagwort (Blogeintrag, Schlagwort) VALUES (7, 'ddd');
INSERT INTO BlogeintragHatSchlagwort (Blogeintrag, Schlagwort) VALUES (8, 'aaa');
INSERT INTO BlogeintragHatSchlagwort (Blogeintrag, Schlagwort) VALUES (10, 'ccc');
INSERT INTO BlogeintragHatSchlagwort (Blogeintrag, Schlagwort) VALUES (11, 'abc');
INSERT INTO BlogeintragHatSchlagwort (Blogeintrag, Schlagwort) VALUES (12, 'abc');
INSERT INTO BlogeintragHatSchlagwort (Blogeintrag, Schlagwort) VALUES (12, 'ddd');
INSERT INTO BlogeintragHatSchlagwort (Blogeintrag, Schlagwort) VALUES (13, 'xxxx');
INSERT INTO BlogeintragHatSchlagwort (Blogeintrag, Schlagwort) VALUES (14, 'abc');
INSERT INTO BlogeintragHatSchlagwort (Blogeintrag, Schlagwort) VALUES (15, 'abc');
INSERT INTO BlogeintragHatSchlagwort (Blogeintrag, Schlagwort) VALUES (15, 'aaa');
INSERT INTO BlogeintragHatSchlagwort (Blogeintrag, Schlagwort) VALUES (15, 'ccc');
INSERT INTO BlogeintragHatSchlagwort (Blogeintrag, Schlagwort) VALUES (15, 'xxxx');
INSERT INTO BlogeintragHatSchlagwort (Blogeintrag, Schlagwort) VALUES (16, 'xxxx');
